parent,folder,name,ID
NoMusicPaid,NoMusicPaid,NoMusicPaid_Data,1qa5TisNu4O1V9diAZ4TNalJQfutlhO4Z_8Oc17ip4oY
NoMusicPaid|FytaKyte_TooMuch,MultiTrack,31_BackingVox3DT.wav,14__3qReRrHIqRY5pPUZG7jTwiSWPCpDo
NoMusicPaid|FytaKyte_TooMuch,MultiTrack,33_BackingVox4DT.wav,10pA_NnOINpVmU0xCsSZld-F773nhd4wG
NoMusicPaid|FytaKyte_TooMuch,MultiTrack,23_LeadVox.wav,16FQiTlxuVChp9UWOkQo_v9MYjPwD9D7r
NoMusicPaid|FytaKyte_TooMuch,MultiTrack,32_BackingVox4.wav,16ImIX5RM0ZZBN27VGEdsbU_QCyU9Lb9t
NoMusicPaid|FytaKyte_TooMuch,MultiTrack,26_BackingVox1.wav,1Ew748H3p_mcD0Jq4qlubvlRoAAtzc4rG
NoMusicPaid|FytaKyte_TooMuch,MultiTrack,35_BackingVox5DT.wav,1HxeTqaXw3efY9GJYul-XuaG4Px5LpSzT
NoMusicPaid|FytaKyte_TooMuch,MultiTrack,25_LeadVoxDT2.wav,1Rmk1-Pqf--XgMNZOz_1NTSr4anKPR82U
NoMusicPaid|FytaKyte_TooMuch,MultiTrack,37_BackingVox6DT.wav,1Rn6huejGcuGckqH4VGc3ndeJJnGzAEib
NoMusicPaid|FytaKyte_TooMuch,MultiTrack,29_BackingVox2DT.wav,1UK4MepSztDaIoj3n1lajgFqLr-dehFca
NoMusicPaid|FytaKyte_TooMuch,MultiTrack,28_BackingVox2.wav,1YnSJPFg4Z9Hdx6lU5LftNoBmY7mf-sgM
NoMusicPaid|FytaKyte_TooMuch,MultiTrack,24_LeadVoxDT1.wav,1bMyUrwivM0FFRJ1keMHBCy0gYW_6AsvB
NoMusicPaid|FytaKyte_TooMuch,MultiTrack,34_BackingVox5.wav,1g1fRB09jzTiQdtQbHB9C__uPR7C7hRJK
NoMusicPaid|FytaKyte_TooMuch,MultiTrack,30_BackingVox3.wav,1jw0ZTKfD1EcJmzPvCWeCZDwLRTdLLtw7
NoMusicPaid|FytaKyte_TooMuch,MultiTrack,27_BackingVox1DT.wav,1va64dQoKV0rryBtmj72UdCnwr2Yknyk_
NoMusicPaid|FytaKyte_TooMuch,MultiTrack,36_BackingVox6.wav,1xNxsoLauQZnht7j-5ZoTgUb8qRgb21ee
NoMusicPaid|FytaKyte_TooMuch,MultiTrack,22_Hammond.wav,1eR3xyHvd5iQ7k_Niv5mmsnmBI8ZQnxSE
NoMusicPaid|FytaKyte_TooMuch,MultiTrack,17_BassAmp.wav,17xofaM_dmrgWFvAYEtbEF1BFm0hPpgsn
NoMusicPaid|FytaKyte_TooMuch,MultiTrack,21_AcGtrDT.wav,1GbrVnoJGQjACXMYgE-PvmF56605qdEJ1
NoMusicPaid|FytaKyte_TooMuch,MultiTrack,20_AcGtr.wav,1HBXJS-INhpKIdUyBj4WYYb8Q6BaPEQR_
NoMusicPaid|FytaKyte_TooMuch,MultiTrack,16_BassDI.wav,1M40HUyKeRtWeTN8_x6yNAVvJLNtsls79
NoMusicPaid|FytaKyte_TooMuch,MultiTrack,19_ElecGtr2.wav,1NSk0rXmsJ7qOhF8O42bnOlqagyKUQ_F2
NoMusicPaid|FytaKyte_TooMuch,MultiTrack,15_Tambourine.wav,1U-9QEbqk9euNPfBilb4fnhGPzxAsoXiI
NoMusicPaid|FytaKyte_TooMuch,MultiTrack,18_ElecGtr1.wav,1n6iwjL2o_ZOU8sqWTxAAqXTO8QojqOeS
NoMusicPaid|FytaKyte_TooMuch,MultiTrack,14_Glass.wav,1nNE3-rZlDvttv6nqlBgMrtYm_R2kn1q5
NoMusicPaid|FytaKyte_TooMuch,MultiTrack,13_DrumsRoom.wav,17U72pYNiKvst8Y5gmzAu8lTc5W_rVe5T
NoMusicPaid|FytaKyte_TooMuch,MultiTrack,12_Overheads.wav,1uBX8LWIR8svyKz4cQSjEgkeFLr1D5C-2
NoMusicPaid|FytaKyte_TooMuch,MultiTrack,09_Tom2.wav,14iQlSCeZ0eGwVRdEAwXQPR-yfmYLRFz-
NoMusicPaid|FytaKyte_TooMuch,MultiTrack,06_HiHat.wav,150V8_cBkev6C0QgACHbLUy4EvQUmSRr8
NoMusicPaid|FytaKyte_TooMuch,MultiTrack,04_SnareUp.wav,17TsdJipF5uOIMQxj6fSEMJRn9eGVzQ18
NoMusicPaid|FytaKyte_TooMuch,MultiTrack,05_SnareDown.wav,1AX8AcOPQa017nckdlsnbFWwYIKn4r2xV
NoMusicPaid|FytaKyte_TooMuch,MultiTrack,07_Ride.wav,1I08D6S8ztQQH6PWdETaslPM98Wa2btDq
NoMusicPaid|FytaKyte_TooMuch,MultiTrack,11_Tom4.wav,1JgelFunXLj6hinrJzzLaAU--eOP0szyU
NoMusicPaid|FytaKyte_TooMuch,MultiTrack,01_KickIn.wav,1L2qq-QEN1Xiq7L38VQTvqF_x4FaaQ5MD
NoMusicPaid|FytaKyte_TooMuch,MultiTrack,03_KickSub.wav,1k3n0GORAJs7tu2hGuGfSH1QX2NSug94G
NoMusicPaid|FytaKyte_TooMuch,MultiTrack,10_Tom3.wav,1mfbLdBLreHCSPXbwMt7_c6fWMo36MW9C
NoMusicPaid|FytaKyte_TooMuch,MultiTrack,02_KickOut.wav,1x47zeFtugOPTTs3SxXuvaA3A8XEvGW3W
NoMusicPaid|FytaKyte_TooMuch,MultiTrack,08_Tom1.wav,1zjDMdH1fn099QYEdXamFMDQ18jv5RP4R